Paper ID,Year,Title,Category,Application,Type of Paper,DOI,Country,University/Institute,Purpose / Objective,Data Type,Training Data Size,Input Shape,Number of Classes / Labels,Event Types,Label Source
1,2016,Seismic features and automatic discrimination of deep and shallow induced-microearthquakes using neural network and logistic regression,Seismology / Induced seismicity,"Depth classification (deep vs. shallow) of induced microearthquakes at the Napoleonville Salt Dome, Louisiana",Peer-reviewed research article,10.1093/gji/ggw258,USA,"Center for Earthquake Research and Information (CERI), University of Memphis; Institute for Intelligent Systems, University of Memphis",Develop an automated ML strategy (ANN & logistic regression) to discriminate shallow (<~250 m) vs. deep (~1–2 km) induced microearthquakes from limited surface recordings,"Three-component seismic waveforms (surface network), pre-detected events","440 events total (143 deep, 297 shallow)","Per event: features from 3-component, 12-s windows (2 s pre-, 10 s post-origin) @ 200 Hz; aggregated to a 40-feature vector → 30 selected features","2 (Deep, Shallow)",Induced microearthquakes linked to an underground cavern collapse (deep in salt body vs. shallow cap rock),Event depths from downhole-array locations (deep ~1–2 km; shallow ~40–400 m)
2,2017,Using Supervised Machine Learning to Distinguish Microseismic from Noise Events,Seismic signal classification / Machine Learning,Classify microseismic vs. noise events in passive seismic data,Conference expanded abstract (SEG 87th Annual Meeting),Not reported,Australia (authors),The University of Queensland,Use SVM with feature selection to distinguish microseismic from noise; compare kernels and accuracy,Passive seismic recordings (vertical component of 3C geophones),"1,902 segments (1,187 microseismic; 715 noise)",Segments of 512 samples @ 2 ms (≈1.024 s),"2 (microseismic, noise)","Microseismic; noise: walking, vehicle, explosion, dropping, human walking","Author-defined classes from labeled recordings (-1 noise, 1 microseismic)"
3,2018,Fast waveform detection for microseismic imaging using unsupervised machine learning,Microseismic signal processing; Unsupervised ML,Microseismic imaging via RTM using detected waveforms,Journal article (Geophysical Journal International),10.1093/gji/ggy348,China (author affiliation),"School of Earth Sciences, Zhejiang University",Automatically detect waveform segments to improve imaging efficiency/robustness,Synthetic and real microseismic records (single- & multi-channel),N/A (unsupervised),Examples: 250-sample traces (4 ms); field gather ~2001×55,2 (waveform vs non-waveform),Microseismic events,From clustering output; 'clean' data for evaluation
5,2018,Surrogate regression modelling for fast seismogram generation and detection of microseismic events in heterogeneous velocity models,Seismology / Computational Geophysics,Microseismic event localisation,Research article,10.1093/gji/ggy283,UK; India; Netherlands,Univ. of Cambridge; Shell India; Shell Global Solutions,Train ML surrogates to emulate elastic wave propagation for fast seismogram generation and event detection,Synthetic seismograms from 3D elastic k-Wave simulations,4000 LH sources (2000 train / 2000 test); 23 receivers; 2 s traces,"Inputs: (x,y,z)+distance d; Output per receiver: 501 samples (Î”t=4 ms)",N/A (regression),Unit explosive microseismic sources,Numerical simulator (elastic wave equation)
6,2019,Automatic Waveform Classification and Arrival Picking Based on Convolutional Neural Network,Seismology / Geophysics,Arrival picking on microseismic data,Research article,10.1029/2018EA000466,China; USA,Zhejiang University; China University of Petroleum–Beijing; Rice University,Propose anti-noise 1D CNN for waveform vs. non-waveform classification and combine with k-means (CNN-KC) for robust arrival picking,Synthetic microseismic + field microseismic,25% of traces used for training (synthetic & field); remainder for blind test,1D non-overlapping time windows: synthetic 20 ms @1 ms (≈20 samples); field 15 ms @1.5 ms (≈10 samples),"2 (waveform, non-waveform)",Microseismic events,Manually interpreted waveform regions
7,2019,Machine Learning For DAS Microseismic Event Detection,Microseismic / DAS,Event detection in hydraulic fracturing DAS,Conference workshop paper/presentation,,UK,Chevron (UK) Ltd; University of Bristol; Silixa Ltd,Evaluate ML (Haar Cascade) + big data tech for DAS microseismic detection; test on field data,Distributed Acoustic Sensing (DAS) strain; 2 kHz; ~3800 channels; 1 m spacing; 10 m gauge length,Positives: 8000 (from 2000 synthetics + augmentation); Negatives: 8000,24x24 window (timeâ€“depth),2 (event vs background),Microseismic events during hydraulic stimulation,Positives: synthetic modeling; Negatives: random linear events
9,2019,Automated Surveillance of Subsurface Wellbore Integrity in a Heavy Oil Field using Passive Seismic Systems,Passive seismic / microseismic monitoring,"Wellbore integrity surveillance in heavy oil (Cold Lake, CSS/SAGD)",Conference paper (SPE ATCE 2019),10.2118/195810-MS,"Canada (Cold Lake, Alberta)",ExxonMobil Upstream Research Co.; ExxonMobil Development Co.; Imperial Oil Resources Ltd.; ExxonMobil Canada Properties,"Automate detection, location, and classification of integrity-related microseismic events; reduce response latency","Continuous passive seismic waveforms from triaxial geophones (15â€“36 channels), 2000 Hz sampling","Binary noise NN: 4,483 events (2,278 noise + 2,205 nonâ€‘noise); HYE: not stated",1.5 s segments; optional 0.5 s overlap; 5–12 receivers × 3 axes (15–36 ch),"Production: casing failure vs other; HYE: 4 (casing failure, slip, cement crack, shearâ€‘dominated)","Casing failure, casing slip, cement crack, shearâ€‘dominated (heave), heel, CMR, surface events, noise",Historical confirmed events / manual labels by analysts
10,2019,Fast-AIC Method for Automatic First Arrivals Picking of Microseismic Event With Multitrace Energy Stacking Envelope Summation,Seismic signal processing; Microseismic,Hydraulic fracturing microseismic monitoring,Journal letter (research),10.1109/LGRS.2019.2952571,China,Jilin University; Xi’an University of Science and Technology,Propose Fast-AIC + multitrace energy stacking envelope to detect events and pick first arrivals with higher accuracy/efficiency,Surface microseismic data (synthetic + field),,Multichannel traces; 1 ms sampling; synthetic 72 traces; field 6x6 geophones,,Microseismic first-arrival (P-wave),Analyst picks (for comparison)
11,2019,Automatic high-resolution microseismic event detection via supervised machine learning,Seismology / Microseismic Monitoring,Microseismic event detection for hydraulic fracturing monitoring,Journal article (research),10.1093/gji/ggz273,Netherlands; USA; China,Delft University of Technology; Rice University; Zhejiang University,Propose a highâ€‘resolution microseismic event detection workflow using SVM with 1â€‘D and 2â€‘D features; show robustness vs. STA/LTA and CNN with limited training data,Synthetic and field microseismic data (surface geophone arrays),"Synthetic: 12,960 segments (4,853 event / 8,107 noise); Field: 2,970 segments",Fixed-size segments of 2×wavelength (~0.058 s synthetic; ~0.062 s field); 191-feature vectors per segment,"2 (event, noise)",Microseismic events vs. noise,Manual labelling (strict criterion discussed)
12,2020,Machine learning approaches to microseismic event detection in Distributed Acoustic Sensing (DAS) fibre-optic data,Seismic Event Detection,Microseismic Monitoring using DAS,Research Article,10.1190/GEO2019-0774.1,UK,University of Bristol & Silixa Ltd.,Develop and test CNN-based (YOLOv3) model for detecting microseismic events in DAS data,Synthetic + Field DAS Data,4000 images (2000 events + 2000 noise),512x512 grayscale images,1 (microseismic event),Microseismic Events,Synthetic + Manually Labeled
13,2022,Convolutional neural networkâ€based classification of microseismic events originating in a stimulated reservoir from distributed acoustic sensing data,Geophysical Prospecting / Reservoir Geophysics,Microseismic Event Classification,Journal Paper,10.1111/1365-2478.13199,USA,Colorado School of Mines; Stanford University; University of Oslo; Lundin Energy,Classify DAS-recorded microseismic events as inside or outside a productive reservoir (Eagle Ford Shale),Distributed Acoustic Sensing (DAS) + Synthetic Seismograms,"36,000 images (29,280 train, 6,720 val) + 346 field events (198 high-SNR subset)",200Ã—200 (downsampled DAS seismogram image),2 (Eagle Ford / non-Eagle Ford),Microseismic events (Eagle Ford vs non-Eagle Ford),Human inspection (guided wave presence)
14,2017,Automatic microseismic event picking via unsupervised machine learning,Seismology / Machine Learning,Microseismic and earthquake event arrival picking,Research Article,Not specified (preprint or internal report),USA,Oak Ridge National Laboratory,Develop a noise-robust automatic arrival picking method using unsupervised learning (fuzzy clustering),Synthetic and real microseismic & earthquake waveform data,Not required (unsupervised),1D seismic traces (~351 samples per trace × 50 traces),2 (waveform / non-waveform),Microseismic & earthquake arrivals,Detected from waveform itself (unsupervised)
15,2020,Microseismic event or noise: Automatic classification with convolutional neural networks,Geophysics / Seismology,Microseismic event vs. noise classification,Conference Paper (SEG Annual Meeting),10.1190/segam2020-3414896.1,USA,"MicroSeismic, Inc.",Automate QC of seismic data by classifying microseismic events vs. noise using CNNs,Seismic image data (converted from trace data),4109 images,128×128×3,"2 (event, noise)",Microseismic events,Visual QC labeling
16,2020,Automatic Phase Picking From Microseismic Recordings Using Feature Extraction and Neural Network,Machine Learning / Seismology,Microseismic Phase Picking (P & S),Research Article,10.1109/ACCESS.2020.2982184,China,China University of Mining and Technology (Beijing),Develop an automatic microseismic phase picker using Gammatone feature extraction and a neural network with small training data.,Synthetic + Field Microseismic Data,Synthetic: 600 3C traces (6000 samples each); Field: 60 3C geophones,1C: 30×N; 3C: 48×N (16 filters per component),2 (Event/Noise) for 1C; 3 (Noise/P/S) for 3C,Footstep Events; Hydraulic Fracturing,Manually labeled synthetic & field datasets
18,2020,Application of machine learning to microseismic event detection in distributed acoustic sensing data,Seismology / DAS,Hydraulic-fracturing microseismic monitoring,Journal research article (GEOPHYSICS),10.1190/GEO2019-0774.1,UK (industry collaboration),University of Bristol; University of Oxford; Silixa Ltd.; Chevron ETC,Detect microseismic events in DAS with YOLOv3 and assess transferability,DAS strain-rate images (synthetic + field noise),"2000 event + 2000 noise images; train 3600, val 400",512Ã—512 grayscale,1 (event) + background,Hydraulic-fracture microseismic,Synthetic ground truth; manual counts for field comparison
20,2020,Convolutional neural networks for microseismic waveform classification and arrival picking,Seismic ML / Microseismic,Waveform classification & arrival picking,Journal article (GEOPHYSICS),10.1190/GEO2019-0267.1,China,China University of Petroleum (East China); Zhejiang University,Propose CWT-CNN for robust waveform classification and arrival picking on noisy microseismic data,Synthetic and field microseismic traces/profiles,"Several thousands of samples across traces (e.g., 11 training traces on synthetic; 9 on field)",2D CWT timeâ€“frequency maps from 20 ms windows,2 (wave / nonwave),First arrivals (P-wave) via wave/nonwave labels,Manual picks (synthetic clean; expert-picked field)
21,2021,Microseismic event detection in large heterogeneous velocity models using Bayesian multimodal nested sampling,Seismic event detection / Bayesian inference,Microseismic monitoring in a 3D heterogeneous marine velocity model,Research Article,10.1017/dce.2021.1,UK; India; Netherlands (multi-institution),Univ. of Cambridge; Univ. of Exeter; Shell India; Shell Global Solutions Intl. BV,Detect multiple microseismic events in strong noise via Bayesian MultiNest with GP surrogate forward models; compute evidence for hypothesis testing,Synthetic hydrophone pressure seismograms with additive white Gaussian noise (AWGN),"4,000 simulated events (GPUs) used to train surrogate; 23 receivers",23 receivers Ã— 6 s per trace @ 4 ms (â‰ˆ1500 samples) per receiver; fused across receivers,"N/A (parameter inference, not classification)",Explosive-type microseismic sources (unit 1 MPa base),Synthetic ground truth from simulator (forward model)
22,2022,Automatic First Arrival Time Identification Using Fuzzy C-Means and AIC,Seismic signal processing (microseismic),First-arrival time picking for microseismic monitoring,Research article,10.1109/TGRS.2021.3121032,China,University of Electronic Science and Technology of China (incl. Yangtze Delta Region Institute),"Propose an automatic FCM+Otsu+AIC method to improve first-arrival picking accuracy/robustness, especially at low SNR",Synthetic noisy traces; real field microseismic/microearthquake datasets,Unsupervised; Synthetic: 1000 traces per SNR for two noise types; Real: 258 + 163 + 116 traces/segments,"1D time series; synthetic length 500 samples @ 0.001 s; one field set length 4000; per-time-step 3-D features [Kurtosis, Std-dev, Energy]",2 (signal vs noise),Microseismic/microearthquake first arrivals,Synthetic: ideal signal/AIC-derived; Real: human experts
23,2021,First Arrival Picking on Microseismic Signals Based on K-Means with a ReliefF Algorithm,Signal processing / Arrival picking,Microseismic monitoring (low SNR),Journal article,10.3390/sym13050790,China,Shandong University (+ partners),Unsupervised first-arrival picking combining ReliefF feature selection with k-means,Microseismic signals (synthetic & field),Unsupervised; 8 synthetic traces; 12 field traces; 20Ã— repeats,"1D time series; synthetic 1 kHz, 300 samples; field 30 kHz",2 (signal vs noise),Microseismic P-wave first arrivals,Unsupervised (clean signals used as reference)
24,2021,Microseismic event detection and classification based on convolutional neural network,"Geophone (multi-channel, 3â€‘component; stacked to single component for input)",Hydraulic fracturing monitoring â€” microseismic event detection & classification,Method + field application,10.1016/j.jappgeo.2021.104380,China,China University of Petroleum (East China); Sinopec Geophysical Research Institute,"Propose and validate a CNN to detect and classify microseismic events, and compare against STA/LTA",Waveform time series (22 channels Ã— 2000 samples per window; sample interval 0.5 ms; 3â€‘component field data rotated & stacked),Synthetic: 4000 records (3200 train / 800 val). Field: 560 labeled windows (approx.; 418 noise / 47 singleâ€‘phase / 95 microseismic),22 Ã— 2000 (channels Ã— samples); after rotation/stacking to single component input,3,Ambient noise; Singleâ€‘phase; Microseismic,Synthetic labels for simulated data; manual labeling for field windows
25,2022,Automatic Microseismic Event Detection With Variance Fractal Dimension via Multitrace Envelope Energy Stacking,Microseismic event detection; signal processing,Surface monitoring of hydraulic fracturing microseismicity,Journal research article,10.1109/TGRS.2021.3138899,China; U.K.,Jilin Univ.; China Univ. of Mining & Tech.; Imperial College London; TOTAL E&P,Propose VFD via MTEES to improve automatic detection of weak/low-SNR microseismic events,Synthetic microseismic; field surface array data (with perforation + microseismic),N/A (no ML training),Multitrace time series; synthetic: 48 traces; field: 108 traces; sampling 1 ms,,Perforation; microseismic events,Perforation times; analyst picks for arrival times
26,2021,Deep Neural Networks for Detection and Location of Microseismic Events and Velocity Model Inversion from Microseismic Data Acquired by Distributed Acoustic Sensing Array,Seismic/DAS; Microseismic monitoring,Microseismic detection+location & velocity inversion (hydraulic fracturing),Journal Article (Sensors),10.3390/s21196627,Russia; Australia,Skoltech; Curtin University; TotalEnergies R&D,"Simultaneous detection, location, and velocity model inversion from DAS in near real-time",DAS strain-rate; synthetic + field FORGE DAS,"60,000 synthetic events + 10,000 noise; 600 velocity models",256x256 grayscale images (1 s windows @ 0.5 ms),"Regression (5 outputs: x, z, vp0, vs0, Ï)",Microseismic (shear) + noise,Synthetic ground truth; field used for validation (noise labels set to zero)
28,2021,Feature Extraction and Analysis of Microseismic Signal Based on Convolutional Neural Network,Seismic signal processing,Microseismic feature extraction & classification,Conference paper (J. Phys.: Conf. Ser.),10.1088/1742-6596/2143/1/012017,China,"Seismological Bureau of Inner Mongolia Autonomous Region, Hohhot",Improve microseismic recognition via multi-scale feature fusion; study impact of wavelet bases,Microseismic time-series signals,NR,16-d vector (4th-layer wavelet packet coeffs),NR,NR,NR
29,2022,Traveltime-based microseismic event location using artificial neural network,Seismology / Microseismic monitoring,Hypocenter (event) location from P-wave picks,Methods,10.3389/feart.2022.1046258,Germany; Saudi Arabia; United States; Czechia,GFZ German Research Centre for Geosciences; King Fahd University of Petroleum and Minerals; Colorado School of Mines; Seismik s.r.o,Train a feed-forward ANN on synthetic traveltime deviations to locate microseismic events and benchmark vs TML; enable near real-time via fine-tuning,P-wave arrival time picks; synthetic traveltimes,"2D: 451 sources; 3D: 5184 sources; stations=121 (2D), 911 (3D)",Vector of Î”ti over N stations (121 or 911),"Regression: x,y,z coordinates",Induced microseismicity during hydraulic fracturing (Woodford shale) + synthetic events,Synthetic source coordinates for training; TML-computed locations for benchmarking on field data
31,2022,Micro-Seismic Event Detection using statistical feature extraction and machine learning techniques,Seismic event detection,Human movement & hammering detection (perimeter/border surveillance),Conference (IEEE I2CT 2022),10.1109/I2CT54291.2022.9824819,India,IIEST Shibpur; CSIR-CMERI Durgapur,Propose amplitude-thresholding + statistical features + ML to detect micro-seismic events,Geophone voltage time series (10 kHz),NR,Per-window 5 features (time & freq envelope),3,No movement; Human movement; Hammering,Manual labels by activity during controlled recording
32,2022,3D Microseismic Monitoring Using Machine Learning,Microseismic localization; passive seismology; ML,"Real-time hydraulic fracturing monitoring (Weiyuan, China); earthquake swarm localization",Research Article,10.1029/2021JB023842,USA / Egypt / China; field site: China,UT Austin (Bureau of Economic Geology); NRIAG (Egypt); Zhejiang University,"Predict 3D source location (x,y,z) directly from differential P-wave arrival times + station locations via ML; achieve â‰²1 s localization",Synthetic travel-times (3D ray tracing); field nodal geophone waveforms; differential P-wave arrivals; station coordinates,"Up to 100,000 synthetic events (90% train / 10% test)","Per event: vectors [Î”t_j, x_j, y_j] for J stations (3Ã—J features)","Regression to 3 outputs (x, y, z)",Microseismic events during hydraulic fracturing; earthquakes (swarm),Known synthetic source locations from simulation (ray-traced); field used for inference/validation
33,2022,Automatic microseismic event detection in downhole DAS data through convolutional neural networks: A comparison of events during and post-stimulation of the well,Geophysics / Seismology,Microseismic event detection,Conference Paper,10.1190/image2022-3751887.1,USA,"Stanford University, Chevron Technical Center",Develop CNN-based automatic detection of microseismic events in downhole DAS data and compare performance between stimulation and post-stimulation phases,Distributed Acoustic Sensing (DAS) seismic data,"6,786 microseismic events + 6,786 noise windows",400 m × 250 ms windows,2 (event / no event),Microseismic,Handpicked events + noise windows
34,2022,A study of microseismic first arrival pickup based on image semantic segmentation,Earth Science / Seismology,"Microseismic monitoring, event detection",Conference Paper (IEEE),10.1109/ICGMRS55602.2022.9849339,China,Chengdu University of Technology,Propose a D-LinkNet-based image semantic segmentation approach to automatically pick microseismic first arrivals with higher accuracy and efficiency,Real microseismic monitoring data from mine,"11,460 event columns, 48 channels, 5000 ms per sample","5000×48 (event recognition), 512×480 (arrival pickup)",2 (microseismic event vs. background / pre- vs. post-arrival),Microseismic events,"Manual labeling (positive=event region, negative=background)"
35,2021,Distributed Acoustic Sensing (DAS) for Natural Microseismicity Studies: A Case Study from Antarctica,Geophysics / Seismology,Microseismic event detection and analysis in glacier ice using fiber-optic sensing,Research Article (Case Study / Experimental),10.1029/2020JB021493,UK / Norway / Antarctica,"University of Oxford, NORSAR, British Antarctic Survey, Univ. of Bristol, Silixa Ltd","To evaluate the potential of DAS for detecting, locating, and analyzing natural microseismicity (icequakes) and compare its performance to geophones",Seismic strain-rate and geophone velocity data,"6 hours × 2 configurations (~1 km fiber, 1000 Hz sampling, 1000 channels)","1D spatial array data (1 m channel spacing, 10 m gauge length)",N/A (continuous seismic data – event vs. noise),Icequakes (−1.9 ≤ ML ≤ −0.9),Field recorded microseismic signals
36,2022,Detection and characterization of microseismic events from fiberâ€‘optic DAS data using deep learning,Microseismic event detection on DAS (geophysics/seismology),Hydraulic stimulation monitoring; fracture characterization,Research article / arXiv preprint,â€”,USA; Israel,Stanford University; Chevron Technical Center; Tel Aviv University,"Design, train, and deploy a deep learning model to automatically detect microseismic events in continuous DAS data",DAS strainâ€‘rate seismic recordings in a horizontal well during hydraulic stimulation,"6,786 events + 6,786 noise windows (13,572 total)",Detection window: 512 channels Ã— 0.256 s (128 samples); fed as 700Ã—196 then randomly cropped to 512Ã—128,2 (microseismic vs. noise),Microseismic events during hydraulic stimulation (guidedâ€‘wave rich),Manual labeling by geophysicists; visually picked on filtered continuous data; background noise windows verified
37,2022,Microseismic analysis over a single horizontal distributed acoustic sensing fiber using guided waves,Microseismic monitoring · Distributed Acoustic Sensing (DAS) · Geophysics,Hydraulic-fracture monitoring in an unconventional shale reservoir: automatic microseismic event detection and guided‑wave–based localization from a single horizontal DAS fiber,Peer‑reviewed research article (GEOPHYSICS),10.1190/GEO2021-0418.1,USA,Stanford University; California Institute of Technology; Chevron Energy Technology Company,Overcome single‑fiber circular‑ambiguity to detect and locate microseismic events by exploiting dispersive guided waves; reconstruct spatio‑temporal fracture growth during stimulation,Downhole DAS strain‑rate recordings (continuous); perforation shots for dispersion ground truth; synthetic FD simulations (illustrative),"13,572 labeled windows (6,786 microseismic + 6,786 noise)",2D window: 512 channels × 128 samples (0.256 s at 500 Hz),2 (event vs. noise),Microseismic events during hydraulic stimulation; perforation shots (for dispersion reference),Manually picked microseismic events; visually validated noise from inactive periods
38,2022,Localizing microseismic events on field data using a U‑Net‑based convolutional neural network trained on synthetic data,Seismology · Deep Learning,Microseismic source localization during hydraulic fracturing,Peer‑reviewed research article (GEOPHYSICS),10.1190/GEO2020-0868.1,Netherlands (authors); USA (field site: Texas),Delft University of Technology,Train on synthetics to localize field microseismic events as 3D Gaussian heatmaps; compare vs DS/DSRL and assess near‑real‑time feasibility,"Synthetic seismic waveforms (1C) + field waveforms (1C, 96 receivers, ~2.8 s/event)","51,200 synthetic events",(1024 × 96 × 1) [time × receivers × components],Not classification; continuous 3D Gaussian label (regression/heatmap),Induced microseismic (double‑couple sources),Synthetic source coordinates → 3D Gaussian (σ≈200 m); validation labels from DS catalog
39,2022,Localizing weak microseismic events using transfer learning with a deep neural network,Microseismic localization; Transfer Learning; Deep Learning (Geophysics),Hydraulic‑fracturing monitoring: localizing weak microseismic events directly from waveforms (post‑monitoring and continuous/near‑real‑time modes),Peer‑reviewed journal article (Geophysical Prospecting),10.1111/1365-2478.13238,"Netherlands; Czech Republic; Field site in Texas, USA",Delft University of Technology; Seismik s.r.o.,"Improve localization of weak, low‑S/N microseismic events by fine‑tuning a DNN pre‑trained on synthetics (QNetSynth) using transfer learning with field data (QNet), for both post‑monitoring and continuous acquisition workflows.",Seismic waveforms (vertical‑component geophones); detected microseismic events from HF operations; synthetic waveforms generated via reflectivity method.,"Synthetics: 51,200 events (database). Field data (post‑monitoring split): 1,245 events total → 60% train (747), 20% val (249), 20% test (249). In continuous mode: daily 80/20 train/val from that day’s DS‑labeled events.",(1024 × 96 × 1) [time samples × stations × channels].,Regression to a 3D location probability (no discrete classes). Labels: 3D Gaussian volume.,Weak microseismic events (Mw around and below 0) induced by hydraulic fracturing.,Field: Diffraction Stacking (DS) locations used to build Gaussian labels; Synthetics: Known simulated source locations. Benchmarking against DSRL (DS + Relative Location) for accuracy.
40,2022 (Available online: 14 Oct 2021),Joint event location and velocity model update in real-time for downhole microseismic monitoring: A deep learning approach,Microseismic monitoring; Deep learning (CNN) for seismic inversion,Real-time joint event location and velocity model update for downhole microseismic monitoring,Research article,10.1016/j.cageo.2021.104965,Russia (affiliation locations); Company involvement from TotalEnergies (France),"Skolkovo Institute of Science and Technology (Skoltech), Aramco Innovations LLC — Aramco Research Center (Moscow), TotalEnergies — Research & Development (Moscow)","Propose and validate a CNN-based approach that simultaneously locates microseismic events and updates the velocity model from raw 3‑C waveform records in real time, as an alternative to slower classical inversions",Synthetic 3‑component microseismic seismograms generated via dynamic ray tracing; low SNR (random noise added),"100,000 gathers/events generated from 500 layered velocity models (200 events per model)",(Channels × Receivers × Time) = 3 × 24 × 240 samples (0.24 s at 0.001 s sampling). CNN ingests as tensor 240 × 24 × 3,"Regression with 6 continuous targets: event location (x, y, z) and velocity/density at the event location (vp, vs, ρ)","Microseismic point sources, double‑couple mechanism; Ricker wavelet (corner frequency 50–500 Hz); moment magnitude Mw ∈ [−2.0, 0]",Ground‑truth synthetic event locations and model parameters from forward modeling
41,2022,Microseismic Monitoring and Analysis Using Cutting-Edge Technology: A Key Enabler for Reservoir Characterization,Reservoir characterization; microseismic monitoring; DAS; deep learning,"Real‑time detection and 2‑D location (x, z) of microseismic events during hydraulic fracturing at Utah FORGE; screening for EOR/CO₂/H₂ storage operations","Peer‑reviewed journal article (Remote Sensing, MDPI); Open Access (CC BY)",10.3390/rs14143417,"Study site: United States (Utah FORGE); Author affiliations: Russia, Australia, Russia (industry R&D)",Skolkovo Institute of Science and Technology; Curtin University; Aramco Innovations LLC (Moscow); TotalEnergies R&D,Demonstrate a deep‑learning approach (ResNet and Inception‑ResNet) on DAS microseismic data to simultaneously detect and locate events in (near) real time; validate against STA/LTA and field catalog,Downhole fiber‑optic DAS strain‑rate waveforms; synthetic microseismic plus field noise; field subset from Utah FORGE hydraulic stimulation,"40,000 total samples: 20,000 synthetic microseismic events (magnitudes −1.5 to 0.5) + 20,000 pure field‑noise samples","Samples converted to grayscale PNG images of 256×256×1 (from 150 traces, 1 s windows at 2000 Hz)","Regression with 2 outputs (x, z offsets). Noise samples labeled as (0, 0).","Microseismic events (FORGE, magnitudes −1.5 to 0.5)",Synthetic ground‑truth event coordinates for training/validation/test; field detections verified with STA/LTA and compared to catalog
42,2022,Data‑Driven Microseismic Event Localization: An Application to the Oklahoma Arkoma Basin Hydraulic Fracturing Data,"Microseismic monitoring; seismic source localization; deep learning (CNN, multitask regression)",Hydraulic fracturing reservoir monitoring (Oklahoma Arkoma Basin),Peer‑reviewed journal article (IEEE Transactions on Geoscience and Remote Sensing),10.1109/TGRS.2021.3120546,Saudi Arabia (research conducted by KAUST & KFUPM; U.S. field dataset),King Abdullah University of Science and Technology (KAUST); King Fahd University of Petroleum & Minerals (KFUPM),"Use a deep CNN to directly map multi‑arm surface geophone records (after correlation pre‑processing) to 3‑D microseismic event locations (X, Y, Z), enabling accurate and fast localization compared to classical methods.",Vertical‑component geophone arrays (10 radial arms) recording passive microseismicity; synthetic acoustic waveforms for training + field records for testing.,"5,000 synthetic events (4,000 train / 1,000 validation); field test set of 17 strongest events.",128 × 128 × 10 (time‑lag × receivers per arm × arms) after pre‑processing/interpolation.,"Regression to 3 continuous labels: X, Y, Z coordinates (multitask learning).",Induced microseismic events during shale hydraulic fracturing.,Synthetic labels from forward modeling for training/validation; prior study’s picked locations for field reference labels.
44,"2021 (preprint dated December 8, 2021)",Toward Real-time Microseismic Event Detection using the YOLOv3 Algorithm,Seismology · Microseismic Monitoring · Machine Learning (Object Detection),Real-time detection of microseismic events in 2D space–time seismic panels (applicable to surface/downhole geophones and DAS),Non–peer‑reviewed preprint (EarthArXiv),Not specified in manuscript (EarthArXiv preprint),United States,"Geophysics Department, Colorado School of Mines",Propose and evaluate YOLOv3 (one‑stage object detector) for near real‑time microseismic event detection under low S/N conditions using physics‑based synthetic datasets,Synthetic 2D elastic finite‑difference simulations of vertical‑component seismograms; plus coherent near‑surface noise panels and added Gaussian white noise,600 images total (300 microseismic event panels + 300 noise‑only panels); three datasets at different S/N levels,"Panels of dimensions [nt, nx] = [750, 401], representing 3 s records sampled at Δt = 0.004 s; receiver spacing 50 m",1 foreground class (“microseismic event”) with background/negative examples (noise‑only panels),"Forward‑modeled microseismic events (35 Hz Ricker, impulsive vertical force) at 2–4 km depth; coherent near‑surface noise sources; Gaussian white noise",Automatically generated red bounding boxes around simulated events
45,2023,A simultaneous denoising and event-picking approach using supervised machine learning,Microseismic monitoring; seismic denoising & event detection,"Hydraulic fracturing monitoring (downhole microseismic), simultaneous denoising + phase/event picking",SEG IMAGE 2023 Expanded Abstract / Conference paper,10.1190/image2023-3917108.1,"Canada (dataset location: western Canada); authors’ affiliations in USA, Saudi Arabia, Pakistan",Oklahoma State Univ.; King Fahd Univ. of Petroleum & Minerals; Kansas Geological Survey; Pioneer Natural Resources; Ohio Univ.; Pakistan Petroleum Limited,Propose a single supervised ML network that simultaneously denoises microseismic waveforms and picks seismic events/phases (P/S),Downhole continuous microseismic time series from a 12-level triaxial geophone array (vertical component used as 12-channel input),"1,080,000 input training samples; 216,000 labeled denoised and phase samples","12 channels (vertical receivers across 12 downhole levels); sequence length variable (blind subset example: 30,000 time samples)","Binary event labels (event=1, non-event=0); denoised traces as continuous targets",Microseismic events; approach extendable to P and S phases,Events hand-picked (binary labels); denoised targets produced via adaptive linear mode decomposition (ALMD)
46,2023,Machine learning in microseismic monitoring,Review; Geophysics; Seismology; Microseismic Monitoring,"Survey of ML methods for microseismic detection, phase picking, classification (event vs noise), localization, magnitude estimation, and source mechanism/moment tensor analysis; discussion of real-time monitoring and operational workflows",Review article,10.1016/j.earscirev.2023.104371,Helmholtz Centre Potsdam – GFZ (Germany); King Abdullah University of Science and Technology – KAUST (Saudi Arabia); King Fahd University of Petroleum & Minerals – KFUPM (Saudi Arabia); Tsinghua University (China); Delft University of Technology – TU Delft (Netherlands); Seismik s.r.o. (Czech Republic),"Provide a comprehensive review and synthesis of ML techniques applied to microseismic monitoring; outline tasks, datasets, common pipelines, challenges (imbalance, labeling, domain shift), and future directions","Microseismic waveform time series (1C/3C geophones, DAS), event catalogs/metadata, synthetic waveforms; occasionally spectrogram representations",Varies widely across studies; often limited labeled events with large volumes of noise/background,Fixed-length waveform windows per channel (samples × channels); or 2D time–frequency images (spectrograms); sometimes multi-station tensors,"Mix of hand-crafted features (e.g., STA/LTA, spectral moments, polarization, envelopes) and learned features via deep nets (CNN feature maps)","Microseismic events induced by hydraulic fracturing, geothermal stimulation, CO₂ sequestration, mining, reservoir operations; plus non-event noise classes",Human analyst picks and catalogs; semi-automatic pickers curated by experts; synthetic labels from physics-based simulation,Study-dependent; common splits are station-wise or time-wise; cross-validation within site; some use hold-out wells or stages; limited standardized benchmarks
47,2023,Microseism Detection Method in Coal Mine Based on Spatiotemporal Characteristics and Support Vector Regression Algorithm,Microseismic monitoring; Mining safety; Signal processing,Real‑time detection of coal‑mine microseisms and anomaly/energy estimation in working faces,"Peer‑reviewed journal article (Applied Sciences, MDPI); Open Access (CC BY 4.0)",10.3390/app13179917,China,Anhui University of Science & Technology; China Coal Technology & Engineering Group Shenyang Research Institute; State Key Laboratory of Coal Mine Safety Technology; Henan Polytechnic University,"Improve sensitivity and accuracy of coal‑mine microseism detection by extracting spatiotemporal features (Markov‑chain based) and feeding them to an SVR model whose hyperparameters are optimized via an improved particle swarm optimization (PSO) algorithm; deliver accurate, real‑time detection and reduce missed detections and lag",Coal‑mine vibration/microseismic sensor signals (time series) collected online; distributed across 9 operation points; includes controlled tapping and a microseismic simulation accident,Not reported (NR) explicitly; experiments include six timestamped events around the accident and 5 taps × 9 points for stability tests,Spatiotemporal sliding window over node time series; features formed from 9×9 temporal state‑transition probability matrix and 9×9 cross‑state (spatial) transition probability matrix (states a–i),Regression task (no discrete classes),"Pipeline tapping, bolt tapping, wall tapping, shouting; microseismic accident simulation","“Actual energy (J)” records for events; comparative metrics (missed detection, misjudgment) computed from detection outcomes"
48,2023,Machine learning-assisted processing workflow for multi-fiber DAS microseismic data,Seismology · Geophysical Signal Processing · Distributed Acoustic Sensing (DAS),"Microseismic monitoring during hydraulic fracturing (multi-well, multi-fiber DAS)",Original Research,10.3389/feart.2023.1096212,Canada; United States,University of Calgary (Dept. of Geoscience); The University of Texas at Austin (Bureau of Economic Geology),Develop an ML-assisted workflow for DAS microseismic processing: CNN for event detection and U‑Net for P/S arrival picking; demonstrate on two field datasets and compare to co‑located 3C geophones; enable near‑real‑time monitoring post‑training.,"DAS strain / strain‑rate time series (multi‑fiber, horizontal + vertical wells); co‑located 3‑component borehole geophones for comparison","CNN detection: 3,584 2D samples (1,792 event, 1,792 noise); U‑Net picking: ~4,000 labeled 1D traces (Stage 21 common events)",CNN: 512×512 (space–time windows); U‑Net: 3001×1 samples (~1.5 s) per trace,"CNN detection: 2 (event, noise); U‑Net picking: 3 (P, S, noise)",Induced microseismic events during hydraulic fracturing; includes distant/off‑well events,Preliminary STA/LTA detections + manual picks for events and P/S arrivals
49,2023,A Survey of Machine Learning Applications in Microseismic Signal Recognition and Classification,Survey / Review (Microseismic ML),Recognition & classification of microseismic signals in mining safety/monitoring,Conference survey (IEEE SKIMA),10.1109/SKIMA59232.2023.10387351,Thailand; China,"International College of Digital Innovation, Chiang Mai University; Office of International Collaboration and Exchange, Chengdu University",Review recent machine learning applications for microseismic signal recognition and classification; compare traditional vs ML methods; categorize supervised/unsupervised approaches; summarize advances; outline challenges and future directions.,N/A (survey),N/A (survey),N/A (survey),N/A (survey),"Microseismic events, blasting, drilling, noise (various operational equipment)",N/A (survey)
50,2024,RESEARCH ON MICROSEISMIC EVENT LOCALIZATION BASED ON CONVOLUTIONAL NEURAL NETWORK,Microseismic monitoring; Seismology; Geophysical ML,Hydraulic fracturing microseismic source localization (event positioning),Journal research article (Journal of Seismic Exploration),Not stated in the paper,China,"a) School of Computer and Information Technology, Northeast Petroleum University, Daqing, Heilongjiang, China; b) School of Medical Information Engineering, Heilongjiang University of Chinese Medicine, Harbin, Heilongjiang, China; c) Artificial Intelligence Energy Research Institute, Northeast Petroleum University, Daqing, Heilongjiang, China; d) Key Laboratory of Networking and Intelligent Control of Heilongjiang Province, Daqing, Heilongjiang, China","Propose MEL-Net (a CNN based on U‑Net with attention and atrous spatial pyramid pooling) to directly map microseismic waveforms to a 2D probability map of source location, improving accuracy, robustness to noise/velocity-model errors, and speed vs. reverse-time methods.",Synthetic 2D microseismic records (simple layered model and complex Marmousi model); single- and multi-source scenarios; additive Gaussian noise for robustness tests; velocity-model smoothing to simulate model errors.,Large-scale synthetic dataset constructed via forward modeling; exact count not reported. Example test sets: 120 samples (simple model) and 65 samples (Marmousi).,"2D gathers with time resampled to match depth grid (Nz). Simple model grid: 256×200 (5 m spacing); Marmousi: 288×300 (8 m spacing). Sampling: 0.25 ms (simple), 0.3 ms (Marmousi); record lengths 1800 ms and 2700 ms respectively.",Not a classification task; supervised regression to a probability image.,Single-source and multi-source (3–4 sources to mimic slender fractures).,2D Gaussian label (peak=1) centered at true source coordinates; probability map same size as monitoring grid.
51,2023,Microseismic event detection based on multiscale detection convolutional neural network,Microseismic event detection; signal processing; deep learning,Hydraulic fracturing microseismic monitoring; event detection in seismic traces (synthetic + field),"Journal research article (Journal of Seismic Exploration, 32:455–477)",— (not reported in paper text),China,Northeast Petroleum University (School of Physics and Electronic Engineering; AI Energy Research Institute; Key Laboratory of Networking & Intelligent Control of Heilongjiang Province),Propose MSD-CNN with multiscale detectors and a Certainty Factor (C‑F) uncertainty reasoning model to improve microseismic event detection accuracy and noise robustness without deepening the network.,"Synthetic 1‑D traces (Ricker-convolved, varying SNR) and field data from four fractured wells","Training set: 4,000 samples; Validation used during training; Test set examples shown: 800 samples (balanced)",1‑D single-trace windows; sliding window length 100 samples; step 20,"2 (microseismic event, noise)",Microseismic events vs background noise,One‑hot labels from preprocessing: positive windows containing events labeled 1; noise 0
52,2024,A Deep Learning Approach for Microseismic Detection with Downhole DAS,Seismology · Fiber-Optic Sensing (DAS) · Microseismic Monitoring,Detection & location of microseismic events during CO₂ injection at the Otway test facility (downhole DAS),Conference/Workshop extended abstract (4th EAGE Workshop on Fiber Optic Sensing for Energy Applications),Not reported,Australia,Curtin University (MinEx CRC acknowledged; CO₂CRC data access),"Train a supervised DL model on (semi-)synthetic DAS data to (i) detect microseismic events and (ii) estimate event depth (z), offset (x), and subsurface properties Vp, Vs, and density ρ; then apply to field DAS data from Otway","Distributed Acoustic Sensing (downhole), passive microseismic; synthetic + recorded field noise; field application dataset from Otway","5,365 semi-synthetic event patches + 1,073 pure-noise patches (labels zero)",512×512 grayscale image patches (1 channel) derived from DAS data (3‑s windows),"Regression targets: event detection score + location (z, x) and subsurface properties (Vp, Vs, ρ); noise patches labeled zero",Passive microseismic events triggered during CO₂ injection,"Synthetic modeling for labels (z, x, Vp, Vs, ρ); manual picks/locations used for additional validation on field data"
53,2024,Graph Neural Networks for Microseismic Event Detection: Focusing on Distributed Acoustic Sensing Data,Microseismic event detection; Graph Neural Networks; Distributed Acoustic Sensing,Detect microseismic events from DAS recordings,Conference proceedings (CIEES 2024),10.1109/CIEES62939.2024.10811318,Malaysia; Indonesia; Bulgaria,Universiti Teknologi PETRONAS; Universitas Islam Indonesia; University of Ruse “Angel Kanchev”,Propose and evaluate GNNs (GCN/GAT) to model spatiotemporal relationships in DAS for improved microseismic event detection,DAS passive VSP and continuous Silixa iDAS Carina recordings,"~13 TB; 11 days; 1280 channels; 2,000 Hz sampling; ~425 events labeled",Fixed-length time windows (few seconds to minutes) across 1280 channels @ 2 kHz; exact window length not specified,Binary (event vs. noise) — implied (not explicitly enumerated),Microseismic events,Manually labeled by experts
54,2024,Spiking Neural Network for Microseismic Events Detection Using Distributed Acoustic Sensing Data,Microseismic event detection; Geophysics; Signal Processing,Distributed Acoustic Sensing (DAS) microseismic monitoring,"Conference paper (SCDM 2024), Lecture Notes in Networks and Systems (LNNS) vol. 1078",10.1007/978-3-031-66965-1_31,Malaysia,Universiti Teknologi PETRONAS (UTP),"Propose a spiking neural network (SNN) approach to improve precision, reduce overfitting, and enhance interpretability for DAS-based microseismic event detection; outline a three-phase methodology and suitability for real-time DAS data management",DAS microseismic data (general),Not reported,Not reported,Not reported,Microseismic events,Not reported
55,2024,Automatic arrival‑time picking of P‑ and S‑waves of micro‑seismic events based on relative standard generative adversarial network and GHRA,Exploration Engineering; Micro‑seismic signal processing; Arrival‑time picking,"Automatic, fast and accurate picking of micro‑seismic P/S arrival times for monitoring/early‑warning; deployed on low‑power devices",Original research article,10.1007/s13202-024-01805-8,China,"Hebei Key Laboratory of Seismic Disaster Instrument and Monitoring Technology; Institute of Disaster Prevention, Langfang, China","Propose LAU‑Net, a lightweight adversarial U‑shaped network with GHRA layer and an application‑aware loss to improve precision/speed of P/S arrival‑time picking and enable on‑device deployment","1D three‑component ground micro‑seismic waveforms (Shengli Oilfield, Sichuan) with expert confidence labels","8,986 events (train/val); 473 events (held‑out test); fivefold cross‑validation also reported",1D segment length 1600 samples (per Table of pickup network),"Two probability curves (P‑arrival, S‑arrival) over time samples (point/sequence labeling)",Micro‑seismic events from oilfield monitoring (2011–2017; additional 2019–2020 generalization set),Multiple micro‑seismic experts; merged and converted to confidence‑probability labels
56,2024,Transfer Learning-Based Seismic Phase Detection Algorithm for Distributed Acoustic Sensing Microseismic Data,Seismic ML / Phase Picking (DAS microseismic),DAS-based microseismic monitoring (Utah FORGE geothermal / CCS monitoring context),Research article (IEEE Transactions on Geoscience and Remote Sensing),10.1109/TGRS.2024.3469268,South Korea (authors); field data from USA (Utah FORGE),"Hanyang University, Department of Earth Resources and Environmental Engineering","Develop a transfer learning (TL)–based algorithm that adapts a generalized earthquake phase detector to DAS microseismic data, enabling robust P- and S-phase detection with very limited labeled DAS events.",3‑component earthquake seismograms (training); single‑component DAS microseismic traces (target); additional K‑NET/KiK‑NET earthquake records for generalization tests.,"~1,000,000 earthquake samples from STEAD (pretraining).","60 s windows at 100 Hz (≈ 6000 samples) with 3 channels for pretraining; during TL, single‑channel DAS + two zero channels to emulate 3‑component input.","3 probabilistic outputs: event detection, P‑arrival, S‑arrival (sequence labeling over time).",Global earthquakes (training/validation) and injection‑induced microseismicity (Utah FORGE),STEAD catalog P/S picks (training); two manually picked DAS events for TL; prior P‑arrival picks for K‑NET/KiK‑NET used for evaluation.
57,2023,A comparison of deep and shallow models for the detection of induced seismicity,Seismology · Machine Learning · Benchmark Study,Detection of low‑magnitude induced earthquakes in the Groningen Gas Field (Netherlands),Original Article · Benchmark/Comparison,10.1111/1365-2478.13386,"Dataset: Netherlands (Groningen Gas Field); Authors’ affiliations: UK (UCL), India (Rocket Learning – Ekho Foundation)","Department of Computer Science, University College London (UCL), UK; Rocket Learning – Ekho Foundation, Delhi, India",Compare an interpretable logistic regression (LR) model (with engineered statistical features) against a deep convolutional neural network (CNN) for induced seismicity detection; evaluate performance across increasing class‑imbalance (IR) levels and analyze false positives/negatives.,Seismic waveform time series from KNMI G‑network (4 geophone levels × 3 components),"Positives: 2,300 event‑labelled seismograms; Negatives: 4,000 noise seismograms for baseline IR; additional 38,100 noise samples used to raise IR in test sets","For CNN: (4 geophones, 3001 time points, 3 channels) i.e., (4, 3001, 3)",2 (Earthquake event vs Noise),Induced microseismic events (magnitude ≥ 0.2),"KNMI metadata (event picks, station info)"
58,"2024 (GHGT‑17, Oct 20–24, 2024)","Optimized Microseismic Event Detection and Source Analysis at the Quest CCS Site, Alberta, Canada",Microseismic monitoring; CCS; Seismology; Signal processing,Event detection and source analysis to support seismic‑hazard management and reservoir characterization for CO₂ storage,Conference paper (GHGT‑17) with SSRN preprint,Not assigned; SSRN abstract ID 5086932,Canada (study site in Alberta); multinational author affiliations,NORSAR; University of Alberta; Shell Canada; GFZ German Research Centre for Geosciences; Shell Global Solutions International B.V.; TotalEnergies; CVA for TotalEnergies; Alcatel Submarine Networks,"Compare detection performance of downhole geophones, downhole DAS, and surface nodes; apply advanced processing (CATS, template matching, PhaseNet) to lower detection thresholds; perform relative relocation (modified double‑difference) to refine spatial clustering",Continuous passive seismic recordings: 8‑level downhole geophones (DMW); downhole DAS fiber in central injection well; 153 surface nodes in 17 sub‑arrays; vendor STA/LTA event catalogs,Not applicable (unsupervised/thresholding + physics‑based); template libraries built from 5 years of cataloged events (2017–2021) grouped into 32 libraries,Time‑series waveforms; time–frequency spectrograms (CATS); array beams/semblance stacks; cross‑correlation traces,Not applicable (detection task). Ancillary categorization of non‑seismic vs microseismic signals,"Microseismic events (Precambrian basement); anthropogenic signals (vibroseis sweeps, mine blasts, train noise, tube waves)",Downhole geophone STA/LTA reference catalog (vendor); additional AOR events from CATS and template‑matching detections
59,2024,How induced earthquakes respond to pre‑existing fractures and hydraulic fracturing operations? A case study in South China,Induced Seismicity • Hydraulic Fracturing • Earthquake Seismology,Shale gas production; seismic hazard understanding/mitigation in Cen’gong block (South China),Research Article • Detailed Case Study,10.1029/2024JB028691,"China (study area: Cen’gong shale gas block, Tongren, Guizhou); Canada & China (affiliations)",Zhejiang University; China University of Mining and Technology (Beijing); Dalhousie University,"Build a high‑precision catalog and focal mechanisms for HF‑induced earthquakes; quantify roles of pre‑existing fractures vs. stimulation operations; analyze distribution, magnitudes, trailing seismicity, directional migration; provide mitigation implications","3D seismic & Ant Tracking attribute; geological/structural context; well logs & core data; HF injection pressure/rate & stage timelines; dense temporary seismic array (41 3‑component geophones, 500 Hz); microseismic records","Pretrained ML models used (PhaseNet, DiTingMotion); no model training on study data",Seismic waveforms sampled at 500 Hz; P/S phases picked; events with ≥20 P arrivals used for focal mechanism solutions,First‑motion polarity classes: Up / Down / Uncertain (for DiTingMotion); focal mechanism types dominated by strike‑slip,HF‑induced earthquakes (ML −1.29 to 1.35),First‑motion polarities via DiTingMotion; focal mechanisms via HASH (using polarities + P/S ratios)
60,2024,MA_W‑Net-Based Dual-Output Method for Microseismic Localization in Strong Noise Environments,Microseismic localization; Deep learning; Attention mechanisms; Denoising,"Localizing microseismic sources and denoising seismic records under low SNR (−5, −10, −15 dB)",Journal Article (Applied Sciences),10.3390/app14135668,China,"College of Geoexploration Science and Technology, Jilin University",Propose MA_W‑Net (U‑Net with dual decoders + attention) to improve microseismic localization accuracy and noise suppression at very low SNRs,Synthetic microseismic records generated via finite-difference simulation on Marmousi model; grayscale images,4000 samples (train/test split 9:1),512 × 64 × 1 (time × channels × depth as grayscale map),Not a classification task; continuous heatmap (Gaussian mixture) indicating source locations,Single and multiple microseismic events,"Synthetic labels from known source locations, represented as Gaussian mixture maps (normalized to [0,1])"
62,"2024 (preprint dated Feb 9, 2024)",Supervised microseismic event detection using Siamese Networks for labelling of noisy recordings,Seismic signal processing; microseismic event detection & classification,"Automated labelling of microseismic recordings (earthquakes, micro‑quakes, rockfalls, anthropogenic noise) from landslide monitoring (Super‑Sauze, France)",Research preprint (supervised classification; Siamese CNN); not peer‑reviewed yet,No formal DOI; SSRN abstract ID 4762424,United Kingdom,"University of Strathclyde, Dept. of Electronic & Electrical Engineering (Glasgow, UK)",Propose a supervised Siamese network and data‑driven anchor selection to reduce expert effort for labelling noisy microseismic recordings and classify events into four types.,"Seismometer 3‑axis time‑series (250 Hz), converted to STFT spectrogram images (per axis)","Uses RéSiF/OMIV Super‑Sauze catalogue: totals — Rockfall 402, Earthquake 382, Micro‑quake 234, Noise 340; training+validation is first 70% chronologically of each class; testing last 30% per class",65 × 66 × 3 (STFT image width × height × channels; 3 axes),4,Rockfall; Earthquake; Micro‑earthquake (“micro‑quake”); Noise,RéSiF/OMIV catalogue (Provost et al.): STA/LTA frequency‑domain detector + Random Forest + expert validation; includes some uncertain labels
63,2024,A semblance-based microseismic event detector for DAS data,Seismology · Microseismic monitoring · Distributed Acoustic Sensing (DAS),Detection of microseismic events during Enhanced Geothermal System (EGS) stimulation at Utah FORGE,Peer‑reviewed journal article (methodology + experiments),10.1093/gji/ggae016,"Study site: USA (Utah FORGE); Authors’ affiliations: Italy (Univ. of Pisa), Switzerland (ETH Zürich/SED), Germany (Ruhr Univ. Bochum)",Univ. of Pisa; Univ. of Geneva; DESTeC Univ. of Pisa; Ruhr Univ. Bochum; Swiss Seismological Service (ETH Zürich),"Introduce and validate HECTOR, a semblance‑based detector that scans waveform coherence along hyperbolic trajectories to detect DAS microseismic events without a velocity model","DAS strain/strain‑rate array data (borehole, downhole fibre)","Not applicable (algorithmic method, no ML training)",Real data saved in 15 s files; fibre length 2482 m; channel spacing 1 m; gauge length 10 m; acquisition at 4 kHz; processing downsampled to 600 Hz,"Not applicable (event/no‑event thresholding, no labeled classes)","Induced microseismic events (P and S arrivals), short inter‑event spacing",Reference comparison: Silixa DAS microseismic catalogue for the same 24 h interval
65,2024,An Active Learning Framework for Microseismic Event Detection,Microseismic monitoring • Active learning • Deep learning,Detecting induced microseismic events during geothermal stimulation (Utah FORGE),Conference (IEEE IGARSS 2024),10.1109/IGARSS53475.2024.10640569,United Kingdom; Switzerland,"University of Strathclyde (Electronic & Electrical Engineering), Swiss Seismological Service – ETH Zürich",Propose and test an active learning framework that selects the most informative samples to reduce labeling effort while maintaining/improving microseismic event detection performance; evaluate transfer across wells/sensor types,"Multichannel seismic time‑series (3‑component geophones), continuous recordings; STFT spectrograms derived from vertical component","Per sensor: 24,779 windows used for training/query pool; 2,253 windows for testing","Time‑series: (3, 1600 samples = 400 ms). Spectral: 2 channels × 65 freq bins × 161 time steps (real & imag)",Binary (event mask positive between P and S arrivals; negative elsewhere),"Induced microseismic events (pulse‑like, high‑frequency, low SNR)",EQ‑Transformer auto picks (P/S arrivals) subsequently validated by seismologists via visual inspection
66,2024,An Autoencoder-Based Deep Learning Model for Enhancing Noise Characterization and Microseismic Event Detection in Underground Longwall Coal Mines Using Distributed Acoustic Sensing Monitoring,Mining seismology; anomaly detection; distributed acoustic sensing (DAS),Microseismic event detection and machinery noise characterization in underground longwall coal mines,"Conference paper (58th US Rock Mechanics/Geomechanics Symposium, ARMA 24–0207)",Not specified (OnePetro identifier: ARMA-2024-0207),USA,Colorado School of Mines; Virginia Tech; NIOSH Spokane,"Develop an unsupervised, autoencoder-based workflow on DAS PSD images to detect seismic events and characterize noise; compare with surface-network catalog",DAS strain-rate time series converted to Power Spectral Density (PSD) images; surface seismometer event catalog for comparison,"960 PSD images of background noise (normal) selected from 1000 candidate 2‑s windows; 768 train (80%), 192 test (20%)",512 × 512 RGB images; processed in batches of 64,Unsupervised (normal vs anomaly via threshold),Microseismic events near longwall face (P/S arrivals; example event M∼1.2 shown),Surface seismic network catalog (for screening/verification) + visual inspection of PSD/time series
67,2024,Ensemble Learning Improves the Efficiency of Microseismic Signal Classification in Landslide Seismic Monitoring,Landslide monitoring · Seismic signal classification · Machine learning,"Automatic multi-class classification of microseismic events for landslide early-warning/monitoring (Jiuxianping deep-seated landslide, Chongqing, China).",Journal article (Sensors),10.3390/s24154892,China (study site and author affiliations),"Jiangxi University of Science and Technology; Institute of Mountain Hazards and Environment, Chinese Academy of Sciences; University of Chinese Academy of Sciences; Xinjiang University; Jiangxi Provincial Key Laboratory of Environmental Pollution Prevention and Control in Mining and Metallurgy.",Build and compare classical ML vs. ensemble ML models for classifying landslide microseismic signals; assess accuracy/efficiency; apply best model to continuous monitoring series.,"Microseismic waveform records (3 components per station) detected from continuous field monitoring; converted to 60 handcrafted features (time, frequency, time–frequency, multi-station).","4,131 labeled events (Jan 2021–Apr 2022). Train/test per class given: HF 219/68; HFS 176/56; HLF 376/84; HLFS 86/23; LF 1082/298; LFS 177/35; Noise 1175/260; Rockfall 13/3.",Tabular feature vectors of length 60 per event (not raw waveforms).,8,"HF, HFS, HLF, HLFS, LF, LFS, Noise (N), Rockfall.",Manual labeling using explicit duration/frequency-based criteria (Appendix A2).
68,2024,Deep learning‐based 3D microseismic event direct location using simultaneous surface and borehole data,Microseismic monitoring; Seismology; Geophysics + Machine Learning,Direct 3D location of microseismic events using joint surface + borehole recordings; validated on Utah FORGE field data and synthetic data,Research Article (Journal of Geophysical Research: Machine Learning and Computation),10.1029/2024JH000365,"Authors: Saudi Arabia (KAUST, Jeddah); Field site: USA (Utah FORGE)","King Abdullah University of Science and Technology (KAUST), Physical Science and Engineering Division",Propose and validate a deep learning method (modified DETR) to directly detect and 3D‑locate microseismic events by leveraging simultaneous surface and borehole data; demonstrate improved accuracy/reliability and domain adaptation from synthetic→field,"Passive seismic waveforms. Surface: two rings of 3‑component geophones; Borehole: string of 12 three‑component accelerometers. Synthetic data (elastic modeling) + field data (Utah FORGE). For field application, S‑wave horizontal component emphasized.","Synthetic experiments: 500 event segments + 100 pure‑noise segments. Field‑application model: 1,000 synthetic inputs (surface & borehole) for supervised training.",Segments: simulated 1.6 s; processed via cross‑correlation & segmentation to 0.8 s (time‑lag). Surface array subset: two concentric rings (≈30 sensors each); Borehole: 12 levels at 30.5 m spacing. Components 3C (synthetic) / horizontal S‑wave for field runs.,"Binary detection (event / no event) + continuous regression of source location (x, y, z).",Induced microseismicity during hydraulic stimulation (Utah FORGE).,"Synthetic forward modeling with known source coordinates (velocity model from tomography; wavelets estimated from field), used as supervision for training."
69,2024,DASEventNet: AI‑based microseismic detection on distributed acoustic sensing data from the Utah FORGE well 16A (78)‑32 hydraulic stimulation,Microseismic detection • Distributed Acoustic Sensing (DAS) • Geophysics,Detecting microearthquakes (MEQs) during three‑stage hydraulic stimulation at Utah FORGE to build a more complete event catalog and characterize fracture geometry,Research Article (Journal of Geophysical Research: Solid Earth),10.1029/2024JB029102,"USA (study site: Utah, USA). Collaborating institutions also in Italy.",Pennsylvania State University (Department of Geosciences; EMS Energy Institute; School of EECS); La Sapienza Università di Roma,"Develop and validate a deep learning detector (DASEventNet, ResNet‑50) for DAS microseismic event vs noise classification; apply to 7 days of continuous DAS data; compare against STA/LTA and prior catalogs; analyze spatiotemporal seismic response",Distributed Acoustic Sensing (DAS) strain/strain‑rate data (Silixa interrogator),"2,584 labeled examples: 1,292 MEQs + 1,292 noise (balanced)","2‑second 2D windows: 1,021 channels × 2,000 samples (after decimation to 1 kHz)","2 (event = 1, noise = 0)",Microearthquakes (induced by hydraulic stimulation),MEQ candidates from Silixa STA/LTA catalog; rigorous manual checks; noise windows chosen from non‑stimulation periods
71,2025,Enhancing microseismic event detection with TransUNet: A deep learning approach for simultaneous pickings of P‑wave and S‑wave first arrivals,Seismic phase picking / Microseismic event detection (Deep Learning),Microseismic monitoring for gas storage reservoirs and coal seam roof fracturing; hydraulic fracturing/reservoir monitoring,Research article,10.1016/j.aiig.2025.100129,China,"School of Earth Sciences & Engineering, Xi’an Shiyou University; Key Lab of Intelligent Geophysical Exploration (Shaanxi HEI); Research Institute of Petroleum Exploration & Development (Beijing); E&D Research Institute of PetroChina Liaohe Oilfield (Panjin)","Propose and validate a TransUNet-based method to simultaneously pick first arrivals of P and S waves from microseismic waveforms with high accuracy and robustness under noise; compare against STA/LTA, UNet, and SwinUNet","Synthetic microseismic waveforms and field microseismic records; converted to 512×512 RGB images (R=G=B) with label images (P=1, S=−1, background=0)","Synthetic: 100 simulated events × 50 geophones; Field: gas storage 52 events × 27 stations; coal seam 650 events × 33 stations; total ≈70,754 waveform channels used across train/test",512 × 512 (RGB image per multi-channel event),"3 (P‑wave, S‑wave, background)",Microseismic events (P and S first arrivals),Synthetic: theoretical labels from simulation; Field: manual picks/labels from experts
72,2025,ZSN2N‑DAS: Zero‑Shot Noise2Noise Denoising for Distributed Acoustic Sensing Data,Seismology • Distributed Acoustic Sensing (DAS) • Denoising • Self‑supervised Learning,Denoising microseismic DAS recordings (glacier/ice stream data); improving arrival‑time picking and downstream seismology tasks,"Journal article (IEEE Transactions on Geoscience and Remote Sensing, Vol. 63)",10.1109/TGRS.2025.3590990,China,Xi’an Jiaotong University (School of Mathematics & Statistics; School of Information & Communications Engineering),"Propose a zero‑shot Noise2Noise (N2N) self‑supervised denoising method for DAS that suppresses incoherent (zero‑mean) noise, mitigates signal leakage, improves SNR and phase‑picking quality versus N2N‑DAS","DAS strain‑rate data (field, Rutford Ice Stream, Antarctica) and synthetic DAS microseismic dataset","Zero‑shot on a single noisy DAS dataset (no clean labels). Synthetic set contains 5 microseismic events (1 km fiber, 1 m spacing, 1 s duration at 1000 Hz)","2‑D DAS frames (time × channel); downsampled pairs y₁,y₂ created by stride‑2 convolutions",N/A (regression denoising; no labels),Microseismic arrivals in glacier DAS,"Self‑supervised: noisy‑to‑noisy targets formed via fixed convolutional downsampling (k₁,k₂)"
73,2025,An Intelligent First‑Arrival Picking Method of Microseismic Signals Based on the Small Sample Expansion,Seismic signal processing; Microseismic first‑arrival picking; Deep learning,Automatic P‑wave first‑arrival picking under low SNR and small‑sample conditions,Journal article (IEEE Transactions on Geoscience and Remote Sensing),10.1109/TGRS.2025.3562813,China,China Three Gorges University (Hubei Key Lab of Intelligent Vision‑Based Monitoring); East China Normal University; Yangtze University; China University of Geosciences (Beijing),Propose G‑LA‑MSG (GAN‑based small‑sample expansion) + AOG‑PSPNet (deep 1‑D PSPNet with AOG blocks) to improve first‑arrival picking accuracy/robustness at low SNR,Synthetic microseismic records + real field microseismic records (ground and downhole),"Base set: 10,000 synthetic + 20,000 real (total 30,000). Split 6:2:2 → 18,000 train / 6,000 val / 6,000 test. Additional 10,000 generated samples used to expand training of AOG‑PSPNet (≈28,000 training traces).",1‑D waveform traces; examples include records length 4000–6000 ms at 1 ms sampling interval (single‑component traces).,2 (first‑arrival vs non‑first‑arrival at each time sample),Microseismic P‑wave first arrivals (synthetic + real; low to high SNR),Manually labeled first‑arrival times for training/validation/testing
74,2025,A Semi‑Supervised Approach to Characterise Microseismic Landslide Events from Big Noisy Data,Semi‑supervised learning; Seismic signal classification; Landslides,"Characterising and labelling microseismic landslide events (earthquakes, micro‑quakes, rockfalls, anthropogenic noise) from continuous noisy data",Journal article (Geosciences),10.3390/geosciences15080304,UK (authors/affiliation); France (study site/data),"University of Strathclyde, Glasgow, UK; data from OMIV/RESIF (Super‑Sauze, French Alps)","Propose a semi‑supervised Siamese network that learns class‑exemplar anchors to auto‑label seismic signals with soft‑labelling + thresholding, reducing manual labelling effort and explaining outputs; classify four landslide‑related classes",Three‑axis seismometer time‑series converted to STFT spectrogram images,"Used fewer labelled events than prior supervised baselines; training examples per class (approx.): Rockfall 126, Earthquake 104, Micro‑quake 131, Noise 190",65 × 66 × 3 (width × height × channels) STFT image per 10 s window,4,Rockfall; Earthquake; Micro‑quake; Anthropogenic/Environmental Noise,Résif catalogue: STA/LTA detection in frequency domain → supervised Random Forest → expert validation
75,2025,Multi-Branch Hybrid Convolution–Transformer for Enhanced Microseismic Signal Classification,Microseismic signal classification; mining safety; deep learning,"Automatic classification of mine microseismic, blasting, and noise signals; real-time edge monitoring",Research Article (journal),10.22266/ijies2025.0930.51,"Malaysia; Indonesia (authors). Datasets: China (Dongguashan, Tongkuangyu); USA (Utah FORGE, cross-domain)",Universiti Teknologi PETRONAS (Malaysia); Universitas Islam Indonesia (Indonesia),Propose MBHCT (hybrid 1D/2D CNN + Transformer with learnable gate) to improve microseismic/blast/noise classification accuracy and enable real-time deployment,"Single-channel seismic waveforms, 1 s duration, 10 kHz sampling, 24-bit (primary dataset)","Dongguashan: 2,400 traces total (800 per class) with stratified splits (Train 1,440 / Val 480 / Test 480). Cross-domain Utah FORGE subset for robustness (see results).",16 × 16 feature matrix per trace (16 overlapping frames × 16 time–frequency descriptors),3,"Microseismic, Blasting, Noise",In-situ labelling by trained technicians; cross-checked in control room
77,2025,DeFault: DEep‑Learning‑Based FAULT Delineation Using the IBDP Passive Seismic Data at the Decatur CO₂ Storage Site,Geophysics · Passive Seismic · Fault/Fracture Delineation · CCUS Monitoring,"Relocate passive microseismic events and delineate faults/fractures to support safe CO₂ storage at the Illinois Basin–Decatur Project (IBDP), Decatur, Illinois, USA.",Research Article (Earth and Space Science),10.1029/2023EA003422,Study site: United States (Illinois). Author affiliations: USA & Saudi Arabia.,Los Alamos National Laboratory; Google Research; King Abdullah University of Science and Technology (KAUST); University of North Carolina at Chapel Hill; Lawrence Berkeley National Laboratory.,"Propose and validate DeFault, a deep‑learning workflow with domain adaptation (MLReal) to (i) relocate passive seismic sources from borehole data, (ii) automatically cluster events, and (iii) fit/delineate fault planes efficiently and accurately for CCUS monitoring.","Field: passive seismic monitoring records from IBDP (Z‑component), 31 downhole sensors (29 in GM‑1 well + 2 in CCS‑1 well). Synthetic: 3‑D acoustic FD simulations using 2011 stacking/interval velocity model.","15,000 synthetic samples (event locations as labels); split 12,000 train / 3,000 validation. Field data used for inference/testing (unlabeled).","4‑second detection windows per event; 31 traces (Z‑component) arranged by receiver depth; sampling not specified. Network outputs a 3‑D heat‑map grid of [158 × 198 × 55] (X, Y, Z).",Regression to 3‑D source location (no discrete classes). Labels for training from synthetic event coordinates.,Microseismic events associated with CO₂ injection (passive monitoring).,"Synthetic simulations (event locations converted to Gaussian heat‑maps). Field catalog (Dando et al., 2021) used for comparison only."
78,2025,CAE Neural Network and Reverse‑Time Localization Imaging Method for Picking of Downhole Fracturing Microseismic Signal,Microseismic monitoring; Signal processing; Imaging,Picking microseismic waveforms in downhole/coal‑seam environments and localizing sources for hydraulic fracturing monitoring,Journal research article (IEEE Access),10.1109/ACCESS.2025.3582855,China,"Shanxi Geophysical and Geochemical Prospecting Institute; College of Mining Engineering, Taiyuan University of Technology","Integrate Continuous Wavelet Transform (CWT), Convolutional Autoencoder (CAE), and K‑means to robustly pick microseismic waveforms under low SNR; then perform reverse‑time localization imaging (maximum‑amplitude and cross‑correlation) to accurately locate sources.",(1) Synthetic/simulated microseismic data (surface shot and layered velocity model); (2) Real coal‑mine transmission channel wave data (KDZ‑3114 seismograph).,Not explicitly reported (CAE used in an unsupervised/autoencoding fashion on time‑frequency images).,Time–frequency scalograms of size Nt × 256 (scale dimension = 256); Ntrace instances.,2 (waveform vs non‑waveform).,Microseismic events (including channel‑wave events in coal seam); three synthetic sources in layered model.,"Unsupervised K‑means clustering (k=2); waveform parts labeled 1, others 0."
79,2025,"Unsupervised Clustering of Microseismic Events and Focal Mechanism Analysis at the CO2 Injection Site in Decatur, Illinois",Seismology · Carbon Capture & Storage (CCS) · Machine Learning,"Microseismic event clustering and focal mechanism analysis to characterize small‑scale faults during CO₂ injection at IBDP (Decatur, Illinois)",Research Article,10.1029/2024JH000544,United States,Sandia National Laboratories; Colorado School of Mines; Massachusetts Institute of Technology; Illinois State Geological Survey,"Improve fault characterization and event classification at IBDP by combining spectral, unsupervised ML (NMF→HMM→K‑means) with focal mechanism (HASH) analysis; identify distinct microseismic patterns, slip mechanisms, and temporal bursts linked to injection.","Downhole microseismic waveforms (vertical + horizontal components) from deep‑well geophones (PS3‑1, PS3‑2) and GM1 array; event catalogs from IBDP.",Focused analysis on first‑year high‑seismicity region: MS Cluster #2 (698 events) and MS Cluster #4 (745 events); focal‑mechanism bursts retained 103/147 events (MS#2) and 63/114 (MS#4) after QC.,"STFT spectrograms from PS3‑1 three‑component waveforms; sampling Δt = 0.0005 s (≈2 kHz); STFT window length 144 samples, overlap 132 samples; bandpass 10–400 Hz.",Unsupervised K‑means with K = 2 clusters selected (per PCA separation & silhouette scores).,Induced microseismic events during CO₂ injection (basement faults beneath Mt. Simon).,Unsupervised clustering (no manual labels).
80,2025,Downhole Microseismic Detection Using Fiber-Optic Distributed Acoustic Sensing Based on Segmentation Model and Connected Domain Algorithm,Microseismic detection; Distributed Acoustic Sensing (DAS); Oil & Gas / Geothermal,Downhole DAS microseismic event detection (Utah FORGE EGS dataset),Journal article (IEEE Sensors Journal),10.1109/JSEN.2025.3553263,Dataset: USA (Utah); Authors/affiliations: China,Chengdu University of Technology (State Key Lab of Geohazard Prevention & Geoenvironment Protection; Key Laboratory of Earth Exploration & Information Technology),Propose SegDetection (semantic segmentation with dynamic snake convolution + MobileNetV3 + LRASPP) and connected-domain postprocessing to improve DAS downhole microseismic detection accuracy and speed.,Fiber‑optic DAS microseismic data (2000 Hz sampling; ~1 km downhole well),"77 selected files (~11 GB) → 7,480 slices after augmentation (6,480 event slices; 1,000 pure-noise slices)",896 × 992 per slice,Binary segmentation: microseismic vs background (converted to detection via connected components),Downhole DAS microseismic events,Manually annotated/segmented on visually discernible events (selected files)
81,2024,Joint Microseismic Event Detection and Location with a Detection Transformer,Microseismic monitoring; Machine Learning (DETR),Joint detection and source location of microseismic events (surface passive seismic); demonstrated on SEAM Time Lapse synthetic and Arkoma Basin field data,Research article / arXiv preprint,Not assigned (arXiv:2307.09207v2),Saudi Arabia,King Abdullah University of Science and Technology (KAUST),Unify microseismic event detection (classification) and source location (regression) into a single end‑to‑end framework for real‑time monitoring,"Synthetic passive seismic (acoustic, P‑wave) and real field passive seismic (vertical geophones)","SEAM example: 500 zero‑event, 2000 one‑event, 2000 two‑event, 2000 three‑event segments (synthetic); Arkoma example training: 2000 one‑event + 500 zero‑event (synthetic)",Array recordings treated as 2D images (receivers × time‑lag window). SEAM: 141 surface receivers at 30 m spacing; Arkoma field line used 56 traces (subset of 122) after preprocessing,"For training/evaluation: number of events per segment ∈ {0,1,2,3}; per‑slot event vs “no‑event” for DETR classification branch",Induced microseismic events (P‑wave; acoustic assumption),Synthetic simulations provide ground‑truth source coordinates and event counts; field “reference locations” taken from prior analyses for comparison
82,2025,PhysLoc‑DeepONet: Physics‑Constrained DeepONet for Passive Seismic Source Localization With Limited Differential Travel‑Time Data,Geophysics · Machine Learning · Neural Operator / PINN‑constrained regression,"Passive/microseismic source localization for hydraulic fracturing, induced seismicity monitoring, mineral exploration",Research Article (open access),10.1029/2025JH000729,China; USA,"Yangtze University (Key Laboratory of Exploration Technologies for Oil & Gas Resources, MoE); Zhejiang University (School of Earth Sciences); The University of Texas at Austin (Bureau of Economic Geology)",Propose a physics‑constrained DeepONet (PhysLoc‑DeepONet) that predicts travel‑time fields from limited differential travel‑time inputs and localizes sources by finding the field minimum; maintain high accuracy under sparse/low‑quality data,Synthetic (forward‑modeled) differential travel‑times + Field case (ToC2ME) first‑arrival picks; includes spatial grid coordinates and velocity field values,"Per experiment: ~1,000 simulated sources; for each, ~100,000 randomly sampled grid points (coordinates + velocity + travel‑time). Additional noisy (≤5% Gaussian) training for ToC2ME; ablation on 100–1,000 training sources","Branch input: vector of differential travel‑times length = #stations (e.g., 65/49); Trunk input: 3‑D spatial coordinate (x, y, z) per grid point",N/A (continuous regression),Microseismic/induced events,Synthetic labels from eikonal‑based forward modeling (Pyekfmm/FMM); field “reference” locations from an established workflow (ToC2ME)
